Movie Name,File Name
Rock 'n' Roll High School,Rock 'n' Roll High School
"Happy Birthday, Gemini","Happy Birthday, Gemini"
Battle Beyond the Stars,Battle Beyond the Stars
Escape from New York,Escape from New York
Galaxy of Terror,Galaxy of Terror
Piranha II: The Spawning,Piranha II The Spawning
Android,Android
The Terminator,The Terminator
Rambo: First Blood Part II,Rambo First Blood Part II
Aliens,Aliens
The Abyss,The Abyss
Terminator 2: Judgment Day,Terminator 2 Judgment Day
Point Break,Point Break
True Lies,True Lies
Strange Days,Strange Days
Titanic,Titanic
The Muse,The Muse
High Heels and Low Lifes,High Heels and Low Lifes
Solaris,Solaris
Ghosts of the Abyss,Ghosts of the Abyss
Volcanoes of the Deep Sea,Volcanoes of the Deep Sea
The Cutting Edge: The Magic of Movie Editing,The Cutting Edge The Magic of Movie Editing
Aliens of the Deep,Aliens of the Deep
Explorers: From the Titanic to the Moon,Explorers From the Titanic to the Moon
Avatar,Avatar
Sanctum,Sanctum
Side by Side,Side by Side
Cirque du Soleil: Worlds Away,Cirque du Soleil Worlds Away
Deepsea Challenge 3D,Deepsea Challenge 3D
The Game Changers,The Game Changers
Alita: Battle Angel,Alita Battle Angel
Terminator: Dark Fate,Terminator Dark Fate
